LATITUDE,LONGITUDE
37.7705,-122.4269
37.7705,-122.4269
37.7705,-122.4269
37.7705,-122.4269
37.7705,-122.4269
37.7705,-122.4269
37.7705,-122.4269
37.7705,-122.4269
37.7705,-122.4269
37.7705,-122.4269
37.7705,-122.4269
37.7705,-122.4269
37.7705,-122.4269
37.7705,-122.4269
37.7705,-122.4269
37.7705,-122.4269
37.7705,-122.4269
37.7705,-122.4269
37.7705,-122.4269
37.7705,-122.4269
37.7705,-122.4269
37.7705,-122.4269
37.7705,-122.4269
37.7705,-122.4269
37.7705,-122.4269
37.7705,-122.4269
37.7705,-122.4269
37.7705,-122.4269
37.7705,-122.4269
37.7705,-122.4269
37.7705,-122.4269
37.7705,-122.4269
37.7705,-122.4269
37.7705,-122.4269
37.7705,-122.4269
37.7705,-122.4269
37.7705,-122.4269
37.7705,-122.4269
37.7705,-122.4269
37.7705,-122.4269
37.7705,-122.4269
37.7705,-122.4269
37.7705,-122.4269
37.7705,-122.4269
37.7705,-122.4269
37.7705,-122.4269
37.7705,-122.4269
37.7705,-122.4269
37.7705,-122.4269
37.7705,-122.4269
37.7705,-122.4269
37.7705,-122.4269
37.7705,-122.4269
37.7705,-122.4269
37.7705,-122.4269
37.7705,-122.4269
37.7705,-122.4269
37.7705,-122.4269
37.7705,-122.4269
37.7705,-122.4269
37.7705,-122.4269
37.7705,-122.4269
37.7705,-122.4269
37.7705,-122.4269
37.7705,-122.4269
37.7705,-122.4269
37.7705,-122.4269
37.7705,-122.4269
37.7705,-122.4269
37.7705,-122.4269
37.7705,-122.4269
37.7705,-122.4269
37.7705,-122.4269
37.7705,-122.4269
37.7705,-122.4269
37.7705,-122.4269
37.7705,-122.4269
37.7705,-122.4269
37.7705,-122.4269
37.7705,-122.4269
37.7705,-122.4269
37.7705,-122.4269
37.7705,-122.4269
37.7705,-122.4269
37.7705,-122.4269
37.7705,-122.4269
37.7705,-122.4269
37.7705,-122.4269
37.7705,-122.4269
37.7705,-122.4269
37.7705,-122.4269
37.7705,-122.4269
37.7705,-122.4269
37.7705,-122.4269
37.7705,-122.4269
37.7705,-122.4269
37.7705,-122.4269
37.7705,-122.4269
37.7705,-122.4269
37.7705,-122.4269
37.7705,-122.4269
37.7705,-122.4269
37.7705,-122.4269
37.7705,-122.4269
37.7705,-122.4269
37.7705,-122.4269
37.7705,-122.4269
37.7705,-122.4269
37.7705,-122.4269
37.7705,-122.4269
37.7705,-122.4269
37.7705,-122.4269
37.7705,-122.4269
37.7705,-122.4269
37.7705,-122.4269
37.7705,-122.4269
37.7705,-122.4269
37.7705,-122.4269
37.7705,-122.4269
37.7705,-122.4269
37.7705,-122.4269
37.7705,-122.4269
37.7705,-122.4269
37.7705,-122.4269
37.7705,-122.4269
37.7705,-122.4269
37.7705,-122.4269
37.7705,-122.4269
37.7705,-122.4269
37.7705,-122.4269
37.7705,-122.4269
37.7705,-122.4269
37.7705,-122.4269
37.7705,-122.4269
37.7705,-122.4269
37.7705,-122.4269
37.7705,-122.4269
37.7705,-122.4269
37.7705,-122.4269
37.7705,-122.4269
37.7705,-122.4269
37.7705,-122.4269
37.7705,-122.4269
37.7705,-122.4269
37.7705,-122.4269
37.7705,-122.4269
37.7705,-122.4269
37.7705,-122.4269
37.7705,-122.4269
37.7705,-122.4269
37.7705,-122.4269
37.7705,-122.4269
37.7705,-122.4269
37.7705,-122.4269
37.7705,-122.4269
37.7705,-122.4269
37.7705,-122.4269
37.7705,-122.4269
37.7705,-122.4269
37.7705,-122.4269
37.7705,-122.4269
37.7705,-122.4269
37.7705,-122.4269
37.7705,-122.4269
37.7705,-122.4269
37.7705,-122.4269
37.7705,-122.4269
37.7705,-122.4269
37.7705,-122.4269
37.7705,-122.4269
37.7705,-122.4269
37.7705,-122.4269
37.7705,-122.4269
37.7705,-122.4269
37.7705,-122.4269
37.7705,-122.4269
37.7705,-122.4269
37.7705,-122.4269
37.7705,-122.4269
37.7705,-122.4269
37.7705,-122.4269
37.7705,-122.4269
37.7705,-122.4269
37.7705,-122.4269
37.7705,-122.4269
37.7705,-122.4269
37.7705,-122.4269
37.7705,-122.4269
37.7705,-122.4269
37.7705,-122.4269
37.7705,-122.4269
37.7705,-122.4269
37.7705,-122.4269
37.7705,-122.4269
37.7705,-122.4269
37.7705,-122.4269
37.7705,-122.4269
37.7705,-122.4269
37.7705,-122.4269
37.7705,-122.4269
37.7705,-122.4269
37.7705,-122.4269
37.7705,-122.4269
37.7705,-122.4269
37.7705,-122.4269
37.7705,-122.4269
37.7705,-122.4269
37.7705,-122.4269
37.7705,-122.4269
37.7705,-122.4269
37.7705,-122.4269
37.7705,-122.4269
37.7705,-122.4269
37.7705,-122.4269
37.7705,-122.4269
37.7705,-122.4269
37.7705,-122.4269
37.7705,-122.4269
37.7705,-122.4269
37.7705,-122.4269
37.7705,-122.4269
37.7705,-122.4269
37.7705,-122.4269
37.7705,-122.4269
37.7705,-122.4269
37.7705,-122.4269
37.7705,-122.4269
37.7705,-122.4269
37.7705,-122.4269
37.7705,-122.4269
37.7705,-122.4269
37.7705,-122.4269
37.7705,-122.4269
37.7705,-122.4269
37.7705,-122.4269
37.7705,-122.4269
37.7705,-122.4269
37.7705,-122.4269
37.7705,-122.4269
37.7705,-122.4269
37.7705,-122.4269
37.7705,-122.4269
37.7705,-122.4269
37.7705,-122.4269
37.7705,-122.4269
37.7705,-122.4269
37.7705,-122.4269
37.7705,-122.4269
37.7705,-122.4269
37.7705,-122.4269
37.7705,-122.4269
37.7705,-122.4269
37.7705,-122.4269
37.7705,-122.4269
37.7705,-122.4269
37.7705,-122.4269
37.7705,-122.4269
37.7705,-122.4269
37.7705,-122.4269
37.7705,-122.4269
37.7705,-122.4269
37.7705,-122.4269
37.7705,-122.4269
37.7705,-122.4269
37.7705,-122.4269
37.7705,-122.4269
37.7705,-122.4269
37.7705,-122.4269
37.7705,-122.4269
37.7705,-122.4269
37.7705,-122.4269
37.7705,-122.4269
37.7705,-122.4269
37.7705,-122.4269
37.7705,-122.4269
37.7705,-122.4269
37.7705,-122.4269
37.7705,-122.4269
37.7705,-122.4269
37.7705,-122.4269
37.7705,-122.4269
37.7705,-122.4269
37.7705,-122.4269
37.7705,-122.4269
37.7705,-122.4269
37.7705,-122.4269
37.7705,-122.4269
37.7705,-122.4269
37.7705,-122.4269
37.7705,-122.4269
37.7705,-122.4269
37.7705,-122.4269
37.7705,-122.4269
37.7705,-122.4269
37.7705,-122.4269
37.7705,-122.4269
37.7705,-122.4269
37.7705,-122.4269
37.7705,-122.4269
37.7705,-122.4269
37.7705,-122.4269
37.7705,-122.4269
37.7705,-122.4269
37.7705,-122.4269
37.7705,-122.4269
37.7705,-122.4269
37.7705,-122.4269
37.7705,-122.4269
37.7705,-122.4269
37.7705,-122.4269
37.7705,-122.4269
37.7705,-122.4269
37.7705,-122.4269
37.7705,-122.4269
37.7705,-122.4269
37.7705,-122.4269
37.7705,-122.4269
37.7705,-122.4269
37.7705,-122.4269
37.7705,-122.4269
37.7705,-122.4269
37.7705,-122.4269
37.7705,-122.4269
37.7705,-122.4269
37.7705,-122.4269
37.7705,-122.4269
37.7705,-122.4269
37.7705,-122.4269
37.7705,-122.4269
37.7705,-122.4269
37.7705,-122.4269
37.7705,-122.4269
37.7705,-122.4269
37.7705,-122.4269
37.7705,-122.4269
37.7705,-122.4269
37.7705,-122.4269
37.7705,-122.4269
37.7705,-122.4269
37.7705,-122.4269
37.7705,-122.4269
37.7705,-122.4269
37.7705,-122.4269
37.7705,-122.4269
37.7705,-122.4269
37.7705,-122.4269
37.7705,-122.4269
37.7705,-122.4269
37.7705,-122.4269
37.7705,-122.4269
37.7705,-122.4269
37.7705,-122.4269
37.7705,-122.4269
37.7705,-122.4269
37.7705,-122.4269
37.7705,-122.4269
37.7705,-122.4269
37.7705,-122.4269
37.7705,-122.4269
37.7705,-122.4269
37.7705,-122.4269
37.7705,-122.4269
37.7705,-122.4269
37.7705,-122.4269
37.7705,-122.4269
37.7705,-122.4269
37.7705,-122.4269
37.7705,-122.4269
37.7705,-122.4269
37.7705,-122.4269
37.7705,-122.4269
37.7705,-122.4269
37.7705,-122.4269
37.7705,-122.4269
37.7705,-122.4269
37.7705,-122.4269
37.7705,-122.4269
37.7705,-122.4269
37.7705,-122.4269
37.7705,-122.4269
37.7705,-122.4269
37.7705,-122.4269
37.7705,-122.4269
37.7705,-122.4269
37.7705,-122.4269
37.7705,-122.4269
37.7705,-122.4269
37.7705,-122.4269
37.7705,-122.4269
37.7705,-122.4269
37.7705,-122.4269
37.7705,-122.4269
37.7705,-122.4269
37.7705,-122.4269
37.7705,-122.4269
37.7705,-122.4269
37.7705,-122.4269
37.7705,-122.4269
37.7705,-122.4269
37.7705,-122.4269
37.7705,-122.4269
37.7705,-122.4269
37.7705,-122.4269
37.7705,-122.4269
37.7705,-122.4269
37.7705,-122.4269
37.7705,-122.4269
37.7705,-122.4269
37.7705,-122.4269
37.7705,-122.4269
37.7705,-122.4269
37.7705,-122.4269
37.7705,-122.4269
37.7705,-122.4269
37.7705,-122.4269
37.7705,-122.4269
37.7705,-122.4269
37.7705,-122.4269
37.7705,-122.4269
37.7705,-122.4269
37.7705,-122.4269
37.7705,-122.4269
37.7705,-122.4269
37.7705,-122.4269
37.7705,-122.4269
37.7705,-122.4269
37.7705,-122.4269
37.7705,-122.4269
37.7705,-122.4269
37.7705,-122.4269
37.7705,-122.4269
37.7705,-122.4269
37.7705,-122.4269
37.7705,-122.4269
37.7705,-122.4269
37.7705,-122.4269
37.7705,-122.4269
37.7705,-122.4269
37.7705,-122.4269
37.7705,-122.4269
37.7705,-122.4269
37.7705,-122.4269
37.7705,-122.4269
37.7705,-122.4269
37.7705,-122.4269
37.7705,-122.4269
37.7705,-122.4269
37.7705,-122.4269
37.7705,-122.4269
37.7705,-122.4269
37.7705,-122.4269
37.7705,-122.4269
37.7705,-122.4269
37.7705,-122.4269
37.7705,-122.4269
37.7705,-122.4269
37.7705,-122.4269
37.7705,-122.4269
37.7705,-122.4269
37.7705,-122.4269
37.7705,-122.4269
37.7705,-122.4269
37.7705,-122.4269
37.7705,-122.4269
37.7705,-122.4269
37.7705,-122.4269
37.7705,-122.4269
37.7705,-122.4269
37.7705,-122.4269
37.7705,-122.4269
37.7705,-122.4269
37.7705,-122.4269
37.7705,-122.4269
37.7705,-122.4269
37.7705,-122.4269
37.7705,-122.4269
37.7705,-122.4269
37.7705,-122.4269
37.7705,-122.4269
37.7705,-122.4269
37.7705,-122.4269
37.7705,-122.4269
37.7705,-122.4269
37.7705,-122.4269
37.7705,-122.4269
